{"stats":{"minecraft:custom":{"minecraft:time_since_rest":639,"minecraft:interact_with_furnace":2,"minecraft:sprint_one_cm":36216,"minecraft:damage_taken":640,"minecraft:walk_one_cm":44929,"minecraft:mob_kills":1,"minecraft:drop":26,"minecraft:damage_dealt":179,"minecraft:traded_with_villager":1,"minecraft:swim_one_cm":606,"minecraft:interact_with_crafting_table":7,"minecraft:talked_to_villager":2,"minecraft:fly_one_cm":30936,"minecraft:open_chest":1,"minecraft:play_one_minute":22027,"minecraft:deaths":2,"minecraft:sneak_time":10,"minecraft:walk_under_water_one_cm":4700,"minecraft:jump":201,"minecraft:leave_game":6,"minecraft:walk_on_water_one_cm":437,"minecraft:time_since_death":0,"minecraft:fall_one_cm":4307},"minecraft:used":{"minecraft:iron_ore":1,"minecraft:bread":3,"minecraft:stone_pickaxe":36,"minecraft:wooden_pickaxe":8,"dndmc:stone_longsword":4,"minecraft:stone_hoe":10,"minecraft:stone_axe":16,"minecraft:crafting_table":1,"minecraft:furnace":1,"minecraft:potato":10},"minecraft:killed_by":{"dndmc:quipper":1,"dndmc:goblin_bomber":1},"minecraft:picked_up":{"minecraft:stick":2,"minecraft:clay_ball":16,"minecraft:potato":1,"minecraft:oak_log":21,"minecraft:dirt":35,"minecraft:apple":5,"minecraft:iron_ore":11,"minecraft:oak_sapling":3,"minecraft:cobblestone":29},"minecraft:dropped":{"minecraft:dirt":24,"minecraft:wooden_pickaxe":1,"dndmc:stone_scimitar":1},"minecraft:mined":{"minecraft:iron_ore":11,"minecraft:clay":4,"minecraft:grass":3,"minecraft:grass_block":2,"minecraft:oak_log":21,"minecraft:dirt":2,"minecraft:stone":28,"minecraft:oak_leaves":2},"minecraft:crafted":{"minecraft:oak_planks":24,"minecraft:emerald":1,"minecraft:crafting_table":1,"minecraft:stick":8,"minecraft:wooden_pickaxe":1,"minecraft:stone_pickaxe":1,"dndmc:stone_longsword":1,"minecraft:furnace":1,"dndmc:stone_scimitar":1,"minecraft:stone_hoe":1,"minecraft:stone_axe":1,"minecraft:air":0}},"DataVersion":2230}